{
    "case1": {
        "id": 1,
        "x_labels": [
            "3",
            "5",
            "7",
            "9",
            "11",
            "13",
            "15"
        ],
        "y_labels": [
            "1",
            "2",
            "3",
            "4",
            "5",
            "6",
            "7"
        ],
        "mean": [
            [
                0.99698,
                0.98087,
                0.98087,
                0.95468,
                0.94663,
                0.94562,
                0.94058
            ],
            [
                1.0,
                1.0,
                0.98187,
                0.98087,
                0.93555,
                0.90836,
                0.90836
            ],
            [
                0.99899,
                0.9859,
                0.99799,
                0.97885,
                0.97482,
                0.95569,
                0.87714
            ],
            [
                1.0,
                1.0,
                0.99899,
                0.98993,
                0.99799,
                0.9285,
                0.95267
            ],
            [
                1.00201,
                0.99799,
                1.0,
                0.97482,
                0.96173,
                0.93454,
                0.91239
            ],
            [
                1.0,
                0.99799,
                0.99899,
                0.99899,
                1.0,
                0.97281,
                0.8993
            ],
            [
                1.0,
                0.99899,
                0.99698,
                0.99597,
                0.99094,
                0.99496,
                0.94159
            ]
        ],
        "std": [
            [
                0.005,
                0.033,
                0.021,
                0.036,
                0.035,
                0.047,
                0.052
            ],
            [
                0.005,
                0.005,
                0.032,
                0.03,
                0.075,
                0.07,
                0.089
            ],
            [
                0.004,
                0.022,
                0.009,
                0.038,
                0.037,
                0.065,
                0.107
            ],
            [
                0.005,
                0.005,
                0.004,
                0.022,
                0.003,
                0.091,
                0.076
            ],
            [
                0.005,
                0.003,
                0.005,
                0.052,
                0.074,
                0.099,
                0.105
            ],
            [
                0.005,
                0.009,
                0.004,
                0.004,
                0.005,
                0.056,
                0.103
            ],
            [
                0.005,
                0.004,
                0.008,
                0.011,
                0.019,
                0.006,
                0.089
            ]
        ],
        "cv": [
            [
                0.00505,
                0.03388,
                0.02156,
                0.03797,
                0.03723,
                0.05005,
                0.05567
            ],
            [
                0.00504,
                0.00504,
                0.03282,
                0.0308,
                0.08073,
                0.07761,
                0.09867
            ],
            [
                0.00403,
                0.02247,
                0.00908,
                0.03909,
                0.03822,
                0.06849,
                0.12285
            ],
            [
                0.00504,
                0.00504,
                0.00403,
                0.02238,
                0.00303,
                0.0987,
                0.08034
            ],
            [
                0.00503,
                0.00303,
                0.00504,
                0.05372,
                0.07749,
                0.10668,
                0.11589
            ],
            [
                0.00504,
                0.00908,
                0.00403,
                0.00403,
                0.00504,
                0.05797,
                0.11534
            ],
            [
                0.00504,
                0.00403,
                0.00808,
                0.01112,
                0.01931,
                0.00607,
                0.09519
            ]
        ]
    },
    "case3": {
        "id": 3,
        "x_labels": [
            "3",
            "5",
            "7",
            "9",
            "11",
            "13",
            "15"
        ],
        "y_labels": [
            "1",
            "2",
            "3",
            "4",
            "5",
            "6",
            "7"
        ],
        "mean": [
            [
                0.90206,
                0.8634,
                0.79768,
                0.81186,
                0.73969,
                0.73711,
                0.74871
            ],
            [
                0.90464,
                0.90851,
                0.89304,
                0.86856,
                0.74742,
                0.7951,
                0.77191
            ],
            [
                0.90077,
                0.93814,
                0.92397,
                0.87371,
                0.90851,
                0.83505,
                0.85052
            ],
            [
                0.94201,
                0.92268,
                0.92268,
                0.92397,
                0.88015,
                0.87371,
                0.81701
            ],
            [
                0.9317,
                0.9549,
                0.94201,
                0.93299,
                0.94845,
                0.87887,
                0.8982
            ],
            [
                0.92526,
                0.94588,
                0.90335,
                0.92397,
                0.94845,
                0.94459,
                0.91495
            ],
            [
                0.90722,
                0.94845,
                0.93943,
                0.92784,
                0.91753,
                0.95232,
                0.90722
            ]
        ],
        "std": [
            [
                0.039,
                0.039,
                0.041,
                0.051,
                0.04,
                0.026,
                0.048
            ],
            [
                0.039,
                0.06,
                0.058,
                0.055,
                0.02,
                0.076,
                0.072
            ],
            [
                0.063,
                0.039,
                0.049,
                0.051,
                0.068,
                0.064,
                0.075
            ],
            [
                0.031,
                0.043,
                0.038,
                0.058,
                0.068,
                0.066,
                0.087
            ],
            [
                0.04,
                0.031,
                0.012,
                0.036,
                0.02,
                0.059,
                0.047
            ],
            [
                0.047,
                0.026,
                0.048,
                0.03,
                0.031,
                0.021,
                0.05
            ],
            [
                0.042,
                0.022,
                0.032,
                0.05,
                0.044,
                0.024,
                0.044
            ]
        ],